thread_id,termination_type,template_category,rouge1_precision,rouge1_recall,rouge1_f1,rouge2_precision,rouge2_recall,rouge2_f1,rougeL_precision,rougeL_recall,rougeL_f1,ideal_word_count,actual_word_count,note
c06e625f-584d-4ba2-9b57-45bffc275a8a,restarted,Software Issue,0.3043,0.4,0.3457,0.0659,0.087,0.075,0.1848,0.2429,0.2099,69,119,
9e090d39-f812-4d79-ae3f-a0dc192e4615,resolved,Software Issue,1.0,0.7051,0.8271,0.9817,0.6903,0.8106,1.0,0.7051,0.8271,166,122,
66fc286c-cad9-4eb6-9e5e-eb753e15c377,restarted,Software Issue,0.2797,0.75,0.4074,0.1538,0.4186,0.225,0.2373,0.6364,0.3457,42,127,
3feac075-41f0-4e7c-b86c-84c32b41a0b8,escalated,Software Issue,0.2887,0.3733,0.3256,0.0729,0.0946,0.0824,0.1546,0.2,0.1744,76,132,
49e75751-e77a-4231-a47f-9c4ac6cceceb,restarted,Request for Information/assistance IT,0.0,0.0,0.0,0.0,0.0,0.0,0.0,0.0,0.0,51,0,no_ai_response
47580a23-d62a-4fb3-88d5-7970adbcead1,resolved,Request for Information/assistance IT,1.0,0.7513,0.858,0.9362,0.7021,0.8024,1.0,0.7513,0.858,159,121,
8979de71-753e-4c2d-b6f1-c02e828a66ed,resolved,Microsoft 365,0.2625,0.2877,0.2745,0.0633,0.0694,0.0662,0.1875,0.2055,0.1961,72,80,
5e95781c-38a6-4498-b554-4823d20772aa,restarted,Request for Information/assistance IT,0.3069,0.4559,0.3669,0.11,0.1642,0.1317,0.1881,0.2794,0.2249,65,104,
0d3ce771-8f77-4e92-a22b-1f77b1882b68,restarted,Software Issue,0.0,0.0,0.0,0.0,0.0,0.0,0.0,0.0,0.0,56,0,no_ai_response
3677432e-099e-4a21-aa73-a140fcba87b5,restarted,LincPass Issues,0.2844,0.4247,0.3407,0.0463,0.0694,0.0556,0.1376,0.2055,0.1648,70,123,
adcb8157-0f01-466d-8850-019e2f5d86c9,restarted,Software Issue,0.3047,0.4699,0.3697,0.126,0.1951,0.1531,0.2266,0.3494,0.2749,82,129,
c209ee52-5955-4037-ae04-da30a89e0b7b,escalated,Software Issue,0.4762,0.2632,0.339,0.1707,0.0933,0.1207,0.3333,0.1842,0.2373,77,46,
7957d37f-020c-4485-bdfd-746a680e1b30,restarted,Request for Information/assistance IT,0.4839,0.25,0.3297,0.3,0.1525,0.2022,0.4516,0.2333,0.3077,59,57,
6a42e73e-1401-4db8-b985-b2c24c46924d,resolved,Request for Information/assistance IT,1.0,0.6111,0.7586,0.9692,0.5888,0.7326,1.0,0.6111,0.7586,122,82,
41799a2f-abbd-4b15-b2d0-b7d825591687,escalated,LincPass Issues,0.3426,0.5606,0.4253,0.1121,0.1846,0.1395,0.2222,0.3636,0.2759,66,146,
7a97dcd6-c10e-4924-878f-532e2f35723d,resolved,Request for Information/assistance IT,1.0,0.4649,0.6347,1.0,0.4602,0.6303,1.0,0.4649,0.6347,125,64,
1b8a4dd2-f55f-41d6-adc2-ad761d6a66d1,escalated,Software Issue,0.1652,0.25,0.199,0.0263,0.04,0.0317,0.113,0.1711,0.1361,74,131,
ba5bab12-8e3b-4455-986c-427f2f324c12,abandoned,Telephone issue,0.0827,0.4151,0.1379,0.0264,0.1346,0.0442,0.0639,0.3208,0.1066,52,210,
c194277b-da7f-436e-8efe-e19f85275ddf,abandoned,Request for Information/assistance IT,0.3505,0.4789,0.4048,0.1042,0.1429,0.1205,0.2268,0.3099,0.2619,67,122,
e81d7ee6-9f51-468b-bbc4-8f2022693fca,escalated,Software Issue,0.2486,0.5287,0.3382,0.038,0.0814,0.0519,0.1135,0.2414,0.1544,88,203,
89cc252a-3337-4e84-8e90-96f47adce2ff,restarted,Request for Information/assistance IT,0.3556,0.5161,0.4211,0.1236,0.1803,0.1467,0.2111,0.3065,0.25,63,88,
f7ac4dbe-306d-4e3f-835d-a90efea363d4,escalated,Request for Information/assistance IT,0.3571,0.2206,0.2727,0.0488,0.0299,0.037,0.1667,0.1029,0.1273,68,46,
ea9dabed-4a80-4188-a0f6-e278b587997f,escalated,Microsoft 365,0.2621,0.6506,0.3737,0.0878,0.2195,0.1254,0.1505,0.3735,0.2145,83,208,
3c522e3c-ad06-460c-a585-9ecf7b5808cd,resolved,Request for Information/assistance IT,1.0,0.619,0.7647,1.0,0.6154,0.7619,1.0,0.619,0.7647,93,53,
68edf728-6c99-4f59-bf95-cfc14833672b,escalated,Request for Information/assistance IT,1.0,0.2143,0.3529,1.0,0.2103,0.3475,1.0,0.2143,0.3529,183,46,
82f15019-107a-4aa0-879a-730e229fa3b9,restarted,LincPass Issues,0.4351,0.75,0.5507,0.2462,0.4267,0.3122,0.374,0.6447,0.4734,75,151,
b320ba19-3021-449a-8687-9378ab3b877f,escalated,Software Issue,0.1355,0.3889,0.201,0.013,0.0377,0.0193,0.0839,0.2407,0.1244,54,126,
0e5cc661-9420-4ebe-b304-24f6a9ea1cc8,escalated,Software Issue,0.2373,0.4058,0.2995,0.0598,0.1029,0.0757,0.1356,0.2319,0.1711,65,120,
04a4fcd3-7bb0-4883-8cae-43287be3417c,escalated,Software Issue,0.1828,0.2833,0.2222,0.0217,0.0339,0.0265,0.086,0.1333,0.1046,61,90,
715810b8-730d-4df4-9224-04088c886c65,restarted,LincPass Issues,0.3667,0.2619,0.3056,0.0847,0.0602,0.0704,0.2,0.1429,0.1667,83,60,
3435d1d1-f4cd-4eaa-b01c-4f152a9dbebb,escalated,Request for Information/assistance IT,0.2619,0.2037,0.2292,0.0976,0.0755,0.0851,0.2143,0.1667,0.1875,53,46,
a7dcb49c-12ad-4958-a796-535347868cab,resolved,Software Issue,1.0,0.6887,0.8157,0.9515,0.6533,0.7747,1.0,0.6887,0.8157,161,119,
fda86e72-26dc-4d22-8861-15218bc23cd9,resolved,Request for Information/assistance IT,1.0,0.6529,0.79,1.0,0.65,0.7879,1.0,0.6529,0.79,141,99,
b0016d8b-ab92-4cc1-b1ac-32004a373f49,escalated,Software Issue,0.3571,0.2055,0.2609,0.0732,0.0417,0.0531,0.1667,0.0959,0.1217,74,46,
a3808549-9ec1-4c43-9838-b2189ee17ad4,resolved,Request for Information/assistance IT,1.0,0.6458,0.7848,0.9891,0.6364,0.7745,1.0,0.6458,0.7848,133,83,
527a6f00-4cd2-488a-9a5f-02452770934f,resolved,Microsoft 365,0.331,0.7385,0.4571,0.2014,0.4531,0.2788,0.2621,0.5846,0.3619,65,166,
1e0c9a60-0866-44b6-be9b-822a776d9c58,restarted,Software Issue,0.0769,0.0167,0.0274,0.0,0.0,0.0,0.0769,0.0167,0.0274,57,12,
