thread_id,termination_type,template_category,human_score,llm_accuracy,llm_helpfulness,llm_tone,llm_brevity,llm_composite,llm_reasoning
41799a2f-abbd-4b15-b2d0-b7d825591687,escalated,LincPass Issues,4,4,4,5,3,4.0,"The chatbot provided accurate, well-sourced step-by-step instructions matching the ideal response, but was somewhat verbose with numbered steps and multiple citation references, and it omitted the important caveat that if the portal redirects to an administrator, the user should open a support ticket immediately — which turned out to be exactly the user's situation."
3677432e-099e-4a21-aa73-a140fcba87b5,restarted,LincPass Issues,1,1,1,3,2,1.75,"The chatbot completely ignored the key context of 'government phone' and provided Active Directory network password reset instructions instead of mobile device unlock/PIN reset guidance, making the response factually wrong for the user's actual problem and entirely unhelpful despite being professionally formatted."
82f15019-107a-4aa0-879a-730e229fa3b9,restarted,LincPass Issues,4,5,5,5,3,4.5,"The response is highly accurate and helpful with complete, well-sourced steps and useful edge case notes, but the two-step verification detail, citation references, and multiple notes sections make it more verbose than necessary for a simple password reset question."
715810b8-730d-4df4-9224-04088c886c65,restarted,LincPass Issues,2,2,2,3,3,2.5,The chatbot retrieved a related Adobe Acrobat document but provided steps for adding/placing a signature in a document rather than addressing the user's actual need: updating the LincPass digital certificate when replacing an old card with a new one.
ea9dabed-4a80-4188-a0f6-e278b587997f,escalated,Microsoft 365,3,4,3,5,3,3.75,"The response is technically accurate and well-sourced across four legitimate causes, but its shotgun approach listing all possible scenarios without asking a clarifying question to narrow down the user's specific situation made it less actionable and somewhat overwhelming rather than guiding the user efficiently toward the most likely fix."
527a6f00-4cd2-488a-9a5f-02452770934f,resolved,Microsoft 365,4,5,5,5,4,4.75,"The response is accurate, well-structured, and proactively covers both personal and shared mailbox scenarios with clear step-by-step instructions, though the added detail on shared mailboxes (including the unchecked time period note) makes it slightly longer than strictly necessary for the base question."
8979de71-753e-4c2d-b6f1-c02e828a66ed,resolved,Microsoft 365,2,1,1,3,3,2.0,"The first substantive response completely misidentified the user's request, providing voicemail relay instructions from a VOIP KBA instead of addressing email/SMTP relay configuration, making it entirely inaccurate and unhelpful despite being professionally formatted."
c194277b-da7f-436e-8efe-e19f85275ddf,abandoned,Request for Information/assistance IT,1,3,2,4,3,3.0,"The response defines status labels accurately but fails to tell the user how to actually check their order status (log into Enterprise Depot, use Work Order ID, or call the CEC Helpdesk), making it largely unhelpful for someone trying to find their specific order's status."
3435d1d1-f4cd-4eaa-b01c-4f152a9dbebb,escalated,Request for Information/assistance IT,3,4,5,4,4,4.25,"The chatbot's first substantive response correctly identified that more information was needed before submitting the ticket and prompted the user for relevant technical details, which directly led the user to provide the complete MAC address information needed to process the request efficiently."
68edf728-6c99-4f59-bf95-cfc14833672b,escalated,Request for Information/assistance IT,1,2,2,4,3,2.75,"The chatbot's first substantive response completely ignored the technical question about URL parameters and jumped straight to ticket-collection mode, failing to address the actual query or acknowledge that it was outside helpdesk scope before prompting for additional ticket details."
f7ac4dbe-306d-4e3f-835d-a90efea363d4,escalated,Request for Information/assistance IT,1,1,1,1,1,1.0,"The chatbot gave no substantive first response to the AutoHotkey installation question — it skipped directly to ticket submission when the user requested it, missing the opportunity to inform the user that AutoHotkey is not a standard USDA-approved application and to explore alternatives, consistent with the noted latency/zero-KBA failure."
7a97dcd6-c10e-4924-878f-532e2f35723d,resolved,Request for Information/assistance IT,5,5,5,5,5,5.0,"The response precisely identifies the correct contact (OCIO-CEC), provides actionable next steps (RD Service Desk Portal), offers a fallback option (RD IT Help Desk), and cites the knowledge base source — matching the ideal response exactly."
47580a23-d62a-4fb3-88d5-7970adbcead1,resolved,Request for Information/assistance IT,5,5,5,5,5,5.0,"The response is an exact match to the ideal response, providing accurate step-by-step instructions for both Mac and Windows with proper source citations, in a clear and professional format appropriate for a government IT helpdesk."
fda86e72-26dc-4d22-8861-15218bc23cd9,resolved,Request for Information/assistance IT,5,5,5,5,5,5.0,"The response is identical to the ideal response, accurately directing the user to the ISSPOC contact process with proper knowledge base citations while remaining concise and professionally worded."
6a42e73e-1401-4db8-b985-b2c24c46924d,resolved,Request for Information/assistance IT,5,5,4,5,4,4.5,"The response accurately references the correct knowledge base document and provides relevant information, but the steps describe USAi's features rather than concrete access instructions (e.g., a URL or login process), which slightly limits helpfulness."
3c522e3c-ad06-460c-a585-9ecf7b5808cd,resolved,Request for Information/assistance IT,5,5,5,5,5,5.0,"The chatbot's response is an exact match to the ideal response, correctly covering both the conditions under which personal YubiKeys are permitted and the specific limitations within the USDA environment, with proper source citation."
a3808549-9ec1-4c43-9838-b2189ee17ad4,resolved,Request for Information/assistance IT,5,5,5,5,5,5.0,"The response is identical to the human expert's ideal response, providing accurate step-by-step instructions with proper citations, an important eAuth credential reminder, and appropriate professional tone without unnecessary verbosity."
5e95781c-38a6-4498-b554-4823d20772aa,restarted,Request for Information/assistance IT,2,3,2,4,3,3.0,The response correctly covers Citrix prerequisite setup steps but fails to answer the actual question — how to locate and access the 1OCIO Dashboard once inside the Citrix environment — leaving the user without a complete solution.
89cc252a-3337-4e84-8e90-96f47adce2ff,restarted,Request for Information/assistance IT,1,1,1,3,2,1.75,"The chatbot completely failed to address the likely intended query about Microsoft Project, instead confidently providing detailed but entirely irrelevant instructions about UiPath Studio due to a surface-level keyword match error, without seeking any clarification on the ambiguous one-word query."
49e75751-e77a-4231-a47f-9c4ac6cceceb,restarted,Request for Information/assistance IT,1,1,1,1,1,1.0,"The chatbot produced no substantive response before the user gave up and restarted, representing a complete failure across all dimensions."
7957d37f-020c-4485-bdfd-746a680e1b30,restarted,Request for Information/assistance IT,2,4,2,3,3,3.0,"The chatbot accurately acknowledged it lacked the relevant information and correctly avoided guessing, but failed to offer any escalation path or next steps, leaving the user at a dead end, and the tone was overly terse and mechanical for a government helpdesk interaction."
1b8a4dd2-f55f-41d6-adc2-ad761d6a66d1,escalated,Software Issue,1,1,1,3,2,1.75,"The chatbot's first response was entirely wrong — it retrieved and applied virus/malware incident procedures to what was actually an Azure AD device enrollment error (700003), giving the user irrelevant steps about malware scanning that had no bearing on their domain enrollment problem."
b320ba19-3021-449a-8687-9378ab3b877f,escalated,Software Issue,2,2,2,4,3,2.75,"The chatbot misdiagnosed the problem by providing network drive mapping instructions when the actual issue was a sync/permissions problem with recently saved files on an already-accessible drive, making the response largely inaccurate and unhelpful despite being professionally formatted."
3feac075-41f0-4e7c-b86c-84c32b41a0b8,escalated,Software Issue,3,4,3,5,3,3.75,"The response provided technically correct troubleshooting steps grounded in the KBA, but failed to first ask whether the user had already attempted basic steps like restarting, making the advice partially redundant and the response unnecessarily long for a user who had already tried the primary recommended fix twice."
0e5cc661-9420-4ebe-b304-24f6a9ea1cc8,escalated,Software Issue,2,1,2,4,2,2.25,"The chatbot completely ignored the user's explicit statement that they were fully connected to the network and internet, and provided three steps all premised on connectivity problems, making the response factually misaligned with the actual issue (a Box-specific sync or permissions problem) and largely unhelpful despite being presented in a clear, professional format."
e81d7ee6-9f51-468b-bbc4-8f2022693fca,escalated,Software Issue,2,3,2,4,2,2.75,"While the response contained some accurate information (notably the Reset Jabber step which turned out to be relevant), it ignored the user's key context of previous automatic LincPass logins and padded the response with irrelevant first-time provisioning and email format instructions, making it overwhelming and poorly targeted."
c209ee52-5955-4037-ae04-da30a89e0b7b,escalated,Software Issue,3,3,3,4,4,3.5,"The chatbot's first substantive response appropriately collected additional information before submitting a ticket, but it missed the opportunity to explain the underlying issue (admin rights required for trusted locations) and failed to specifically prompt for the computer name and shared drive path that a technician would need."
b0016d8b-ab92-4cc1-b1ac-32004a373f49,escalated,Software Issue,3,1,1,1,1,1.0,"The chatbot never provided a substantive first response to the user's actual question about why Notepad++ was removed — it only appeared after the user had already requested a ticket, meaning the initial question went completely unanswered."
04a4fcd3-7bb0-4883-8cae-43287be3417c,escalated,Software Issue,2,1,2,4,3,2.5,"The chatbot completely misidentified CPAP as Jabber and provided entirely irrelevant troubleshooting steps, making the response factually wrong and largely unhelpful, though the professional tone and structured format were appropriate for a government IT helpdesk."
9e090d39-f812-4d79-ae3f-a0dc192e4615,resolved,Software Issue,5,5,5,5,5,5.0,"The response is identical to the human expert's ideal answer, providing accurate, well-sourced, step-by-step installation instructions that cover all relevant scenarios (GFE vs Non-GFE) in an appropriately concise and professional format."
a7dcb49c-12ad-4958-a796-535347868cab,resolved,Software Issue,5,5,5,5,5,5.0,"The chatbot's response is essentially identical to the ideal response, providing accurate, complete, well-formatted step-by-step instructions with proper source citation, perfectly addressing the user's question."
66fc286c-cad9-4eb6-9e5e-eb753e15c377,restarted,Software Issue,4,5,5,5,3,4.5,"The response is fully accurate and actionable, covering both the Software Center self-service path and the DWP fallback with correct cited steps, but it is more verbose than necessary — the numbered sub-steps and repeated KBA citations add length without adding meaningful value for the user."
1e0c9a60-0866-44b6-be9b-822a776d9c58,restarted,Software Issue,1,1,1,2,2,1.5,"The chatbot's only substantive response ('Let's continue chatting! Add some additional context or try asking another question.') completely failed to address the user's technical issue, offered no guidance or escalation path, and essentially ignored the problem entirely."
0d3ce771-8f77-4e92-a22b-1f77b1882b68,restarted,Software Issue,1,1,1,1,1,1.0,"The chatbot provided no substantive response to the user's audio issue with Edge browser, prompting the user to immediately restart the conversation, resulting in a complete failure across all dimensions."
c06e625f-584d-4ba2-9b57-45bffc275a8a,restarted,Software Issue,2,2,2,4,3,2.75,"The response included irrelevant advice (checking internet connection) and applied generic software troubleshooting steps without clarifying what 'unable to use Python' meant, missing the key issue of whether Python needs installation, has a permissions error, or another specific problem."
adcb8157-0f01-466d-8850-019e2f5d86c9,restarted,Software Issue,3,3,4,5,3,3.75,"The response correctly identified the problem and provided actionable next steps including real contact numbers, but was undermined by citing an irrelevant KBA about overseas equipment use and was somewhat verbose with steps that weren't all relevant to the user's immediate need."
ba5bab12-8e3b-4455-986c-427f2f324c12,abandoned,Telephone issue,1,3,2,4,1,2.5,"The chatbot dumped a comprehensive but unsolicited multi-scenario troubleshooting wall of text in response to a vague three-word query instead of asking a simple clarifying question, making it overwhelming and largely unhelpful since the actual problem was never established."
